ngay_add,shop,order_id,tracking_number,carrier_da_nhap,etsy_dang_hien,tinh_trang
2026-06-24,Cipustar,4090975932,GV464212304GB,Royal Mail,Parcelforce Worldwide,SAI TEN HANG tren Etsy
2026-06-24,Cipustar,4094549791,QL755289802GB,Royal Mail,Parcelforce Worldwide,SAI TEN HANG tren Etsy
2026-06-24,Cipustar,4095009059,IW375071026GB,Royal Mail,Parcelforce Worldwide,SAI TEN HANG tren Etsy
2026-06-24,Cipustar,4096418189,GV463946326GB,Royal Mail,Parcelforce Worldwide,SAI TEN HANG tren Etsy
2026-06-24,Cipustar,4097239195,QL755292483GB,Royal Mail,Parcelforce Worldwide,SAI TEN HANG tren Etsy
2026-06-25,Cipustar,4097198375,GV464242195GB,Royal Mail,Parcelforce Worldwide,SAI TEN HANG tren Etsy
2026-06-25,Cipustar,4095050348,GV464335144GB,Royal Mail,Parcelforce Worldwide,SAI TEN HANG tren Etsy
2026-06-25,Cipustar,4097940545,QL755294285GB,Royal Mail,Parcelforce Worldwide,SAI TEN HANG tren Etsy
2026-06-25,Cipustar,4098291201,QL755294263GB,Royal Mail,Parcelforce Worldwide,SAI TEN HANG tren Etsy
2026-06-30,Cipustar,4097152648,QL755297477GB,Royal Mail,Parcelforce Worldwide,SAI TEN HANG tren Etsy
2026-06-30,Cipustar,4099779309,7321315512742904,Canada Post,,NGHI MAT TRACKING - re-add gap
2026-06-30,Cipustar,4097494262,GV465147006GB,Royal Mail,Parcelforce Worldwide,SAI TEN HANG tren Etsy
2026-06-30,Cipustar,4099946695,GV465147010GB,Royal Mail,Parcelforce Worldwide,SAI TEN HANG tren Etsy
2026-06-30,Cipustar,4098053956,GV465593944GB,Royal Mail,Parcelforce Worldwide,SAI TEN HANG tren Etsy
2026-06-30,Cipustar,4100651825,GV465593935GB,Royal Mail,Parcelforce Worldwide,SAI TEN HANG tren Etsy
2026-06-30,Cipustar,4098542584,GV465593961GB,Royal Mail,Parcelforce Worldwide,SAI TEN HANG tren Etsy
2026-06-30,Cipustar,4099123594,QL755299773GB,Royal Mail,Parcelforce Worldwide,SAI TEN HANG tren Etsy
2026-06-30,Cipustar,4101695513,QL755299756GB,Royal Mail,Parcelforce Worldwide,SAI TEN HANG tren Etsy
2026-06-30,Cipustar,4099777152,QL755302968GB,Royal Mail,Parcelforce Worldwide,SAI TEN HANG tren Etsy
2026-06-30,Cipustar,4102154453,QL755302954GB,Royal Mail,Parcelforce Worldwide,SAI TEN HANG tren Etsy
2026-06-30,Cipustar,4100043010,7321315513019821,Canada Post,,NGHI MAT TRACKING - re-add gap
2026-06-30,Cipustar,4103213213,GV466692515GB,Royal Mail,Parcelforce Worldwide,SAI TEN HANG tren Etsy
2026-07-02,Cipustar,4098907704,GV467280780GB,Royal Mail,Parcelforce Worldwide,SAI TEN HANG tren Etsy
2026-07-02,Cipustar,4102861535,GV467060625GB,Royal Mail,Parcelforce Worldwide,SAI TEN HANG tren Etsy
2026-07-02,Cipustar,4102369422,GV467060687GB,Royal Mail,Parcelforce Worldwide,SAI TEN HANG tren Etsy
2026-07-02,Cipustar,4105014313,GV467446626GB,Royal Mail,Parcelforce Worldwide,SAI TEN HANG tren Etsy
2026-07-04,Cipustar,4101944587,IW375416844GB,Royal Mail,Parcelforce Worldwide,SAI TEN HANG tren Etsy
2026-07-04,Cipustar,4102758542,IW375457203GB,Royal Mail,Parcelforce Worldwide,SAI TEN HANG tren Etsy
2026-07-07,Cipustar,4104675016,7321315513243936,Canada Post,,NGHI MAT TRACKING - re-add gap
2026-07-07,Cipustar,4107177261,QL755314507GB,Royal Mail,Parcelforce Worldwide,SAI TEN HANG tren Etsy
2026-07-07,Cipustar,4107301389,QL755314498GB,Royal Mail,Parcelforce Worldwide,SAI TEN HANG tren Etsy
2026-07-07,Cipustar,4106179694,GV469672090GB,Royal Mail,Parcelforce Worldwide,SAI TEN HANG tren Etsy
2026-07-07,Cipustar,4106451340,QL755314524GB,Royal Mail,Parcelforce Worldwide,SAI TEN HANG tren Etsy
2026-07-07,Cipustar,4108368433,GV469608905GB,Royal Mail,Parcelforce Worldwide,SAI TEN HANG tren Etsy
2026-07-07,Cipustar,4107207522,QL755314515GB,Royal Mail,Parcelforce Worldwide,SAI TEN HANG tren Etsy
2026-07-11,Cipustar,4107239845,GV470304075GB,Royal Mail,Parcelforce Worldwide,SAI TEN HANG tren Etsy
2026-07-11,Cipustar,4107927920,GV470049386GB,Royal Mail,Parcelforce Worldwide,SAI TEN HANG tren Etsy
2026-07-11,Cipustar,4109470761,QL755316105GB,Royal Mail,Parcelforce Worldwide,SAI TEN HANG tren Etsy
2026-07-11,Cipustar,4108043850,7321315513374500,Canada Post,,NGHI MAT TRACKING - re-add gap
2026-07-11,Cipustar,4108388004,7321315513374487,Canada Post,,NGHI MAT TRACKING - re-add gap
2026-07-11,Cipustar,4110106741,7321315513431326,Canada Post,,NGHI MAT TRACKING - re-add gap
2026-07-11,Cipustar,4110132476,GV470805125GB,Royal Mail,Parcelforce Worldwide,SAI TEN HANG tren Etsy
2026-07-11,Cipustar,4110316696,LK090644580FR,La Poste,UK Mail,SAI TEN HANG tren Etsy
2026-07-14,Cipustar,4108361541,QL755320683GB,Royal Mail,Parcelforce Worldwide,SAI TEN HANG tren Etsy
2026-07-14,Cipustar,4108209168,QL755320697GB,Royal Mail,Parcelforce Worldwide,SAI TEN HANG tren Etsy
2026-07-14,Cipustar,4110893048,QL755322066GB,Royal Mail,Parcelforce Worldwide,SAI TEN HANG tren Etsy
2026-07-14,Cipustar,4110956590,GV471688938GB,Royal Mail,Parcelforce Worldwide,SAI TEN HANG tren Etsy
2026-07-14,Cipustar,4113324887,QL755322070GB,Royal Mail,Parcelforce Worldwide,SAI TEN HANG tren Etsy
2026-07-14,Cipustar,4112546440,GV471688941GB,Royal Mail,Parcelforce Worldwide,SAI TEN HANG tren Etsy
2026-07-14,Cipustar,4114059259,7321315914209807,Canada Post,,NGHI MAT TRACKING - re-add gap
2026-07-14,Cipustar,4113977502,GV472376239GB,Royal Mail,Parcelforce Worldwide,SAI TEN HANG tren Etsy
2026-07-16,Cipustar,4076891886,QL755327182GB,Royal Mail,Parcelforce Worldwide,SAI TEN HANG tren Etsy
2026-07-16,Cipustar,4115845549,QL755325986GB,Royal Mail,Parcelforce Worldwide,SAI TEN HANG tren Etsy
2026-07-16,Cipustar,4114836454,GV472781259GB,Royal Mail,Parcelforce Worldwide,SAI TEN HANG tren Etsy
2026-07-18,Cipustar,4108977506,QL755321105GB,Royal Mail,Parcelforce Worldwide,SAI TEN HANG tren Etsy
2026-07-18,Cipustar,4117467595,GV473593795GB,Royal Mail,Parcelforce Worldwide,SAI TEN HANG tren Etsy
2026-07-18,Cipustar,4116668608,7321315915590560,Canada Post,,NGHI MAT TRACKING - re-add gap
2026-07-18,Cipustar,4118356761,QL755328483GB,Royal Mail,Parcelforce Worldwide,SAI TEN HANG tren Etsy
2026-07-18,Cipustar,4117079110,QL755329603GB,Royal Mail,Parcelforce Worldwide,SAI TEN HANG tren Etsy
2026-06-25,CraftedGiftsFam,4079611404,QL755295768GB,Royal Mail,Parcelforce Worldwide,SAI TEN HANG tren Etsy
2026-06-25,CraftedGiftsFam,4098101891,QL755294277GB,Royal Mail,Parcelforce Worldwide,SAI TEN HANG tren Etsy
2026-07-07,CraftedGiftsFam,4105862514,7321315911372313,Canada Post,,NGHI MAT TRACKING - re-add gap
2026-07-11,CraftedGiftsFam,4111242283,GV470805187GB,Royal Mail,Parcelforce Worldwide,SAI TEN HANG tren Etsy
2026-07-16,CraftedGiftsFam,4114056117,7321315914250342,Canada Post,,NGHI MAT TRACKING - re-add gap
2026-07-18,CraftedGiftsFam,4118006289,QL755328497GB,Royal Mail,Parcelforce Worldwide,SAI TEN HANG tren Etsy
2026-07-11,CusGiftsCo,4111346007,LK090642703FR,La Poste,UK Mail,SAI TEN HANG tren Etsy
2026-07-16,CusGiftsCo,4110010113,LK090693767FR,La Poste,UK Mail,SAI TEN HANG tren Etsy
2026-06-25,hodgiftsco,4090765685,LT403667806GB,Royal Mail,Parcelforce Worldwide,SAI TEN HANG tren Etsy
2026-06-25,hodgiftsco,4092693057,34KKY500589001000934503,Australia Post,Canada Post,SAI TEN HANG tren Etsy
2026-06-25,hodgiftsco,4070828901,LT403669529GB,Royal Mail,Parcelforce Worldwide,SAI TEN HANG tren Etsy
2026-06-30,hodgiftsco,4085845654,LT403673801GB,Royal Mail,Parcelforce Worldwide,SAI TEN HANG tren Etsy
2026-06-30,hodgiftsco,4091731046,34KKY500597301000934503,Australia Post,Canada Post,SAI TEN HANG tren Etsy
2026-06-30,hodgiftsco,4092375242,34KKY500595201000934508,Australia Post,Canada Post,SAI TEN HANG tren Etsy
2026-06-30,hodgiftsco,4098370713,34KKY500600601000934507,Australia Post,Canada Post,SAI TEN HANG tren Etsy
2026-06-30,hodgiftsco,4098487865,34KKY500600701000934504,Australia Post,Canada Post,SAI TEN HANG tren Etsy
2026-06-30,hodgiftsco,4096312544,34KKY500600801000934501,Australia Post,Canada Post,SAI TEN HANG tren Etsy
2026-06-30,hodgiftsco,4096337854,34KKY500600901000934508,Australia Post,Canada Post,SAI TEN HANG tren Etsy
2026-07-02,hodgiftsco,4100839109,34KKY500613101000934506,Australia Post,Canada Post,SAI TEN HANG tren Etsy
2026-07-02,hodgiftsco,4101143483,34KKY500613201000934503,Australia Post,Canada Post,SAI TEN HANG tren Etsy
2026-07-02,hodgiftsco,4101981473,LK090523895FR,La Poste,UK Mail,SAI TEN HANG tren Etsy
2026-07-04,hodgiftsco,4098684597,FP678673292GB,Royal Mail,Parcelforce Worldwide,SAI TEN HANG tren Etsy
2026-07-08,hodgiftsco,4100305331,34KKY500631401000934503,Australia Post,Canada Post,SAI TEN HANG tren Etsy
2026-07-08,hodgiftsco,4100511555,LT437578892GB,Royal Mail,Parcelforce Worldwide,SAI TEN HANG tren Etsy
2026-07-08,hodgiftsco,4098855654,LT437578889GB,Royal Mail,Parcelforce Worldwide,SAI TEN HANG tren Etsy
2026-07-08,hodgiftsco,4101744013,34KKY500631501000934500,Australia Post,Canada Post,SAI TEN HANG tren Etsy
2026-07-08,hodgiftsco,4105415976,LK090565581FR,La Poste,UK Mail,SAI TEN HANG tren Etsy
2026-07-08,hodgiftsco,4104226174,34KKY500645301000934509,Australia Post,Canada Post,SAI TEN HANG tren Etsy
2026-07-08,hodgiftsco,4104403544,34KKY500645401000934506,Australia Post,Canada Post,SAI TEN HANG tren Etsy
2026-07-08,hodgiftsco,4102547992,34KKY500645501000934503,Australia Post,Canada Post,SAI TEN HANG tren Etsy
2026-07-08,hodgiftsco,4102392848,34KKY500645601000934500,Australia Post,Canada Post,SAI TEN HANG tren Etsy
2026-07-08,hodgiftsco,4102372148,34KKY500645701000934507,Australia Post,Canada Post,SAI TEN HANG tren Etsy
2026-07-08,hodgiftsco,4102612075,34KKY500645801000934504,Australia Post,Canada Post,SAI TEN HANG tren Etsy
2026-07-08,hodgiftsco,4103527379,34KKY500644901000934502,Australia Post,Canada Post,SAI TEN HANG tren Etsy
2026-07-08,hodgiftsco,4104423501,34KKY500645001000934508,Australia Post,Canada Post,SAI TEN HANG tren Etsy
2026-07-08,hodgiftsco,4103188484,34KKY500645101000934505,Australia Post,Canada Post,SAI TEN HANG tren Etsy
2026-07-08,hodgiftsco,4103488476,34KKY500645201000934502,Australia Post,Canada Post,SAI TEN HANG tren Etsy
2026-07-14,hodgiftsco,4104557140,LT439551773GB,Royal Mail,Parcelforce Worldwide,SAI TEN HANG tren Etsy
2026-07-14,hodgiftsco,4106992117,34KKY500666001000934501,Australia Post,Canada Post,SAI TEN HANG tren Etsy
2026-07-14,hodgiftsco,4107051779,34KKY500666101000934508,Australia Post,Canada Post,SAI TEN HANG tren Etsy
2026-07-14,hodgiftsco,4106159134,34KKY500666201000934505,Australia Post,Canada Post,SAI TEN HANG tren Etsy
2026-07-14,hodgiftsco,4110223333,34KKY500665901000934505,Australia Post,Canada Post,SAI TEN HANG tren Etsy
2026-07-15,hodgiftsco,4104289576,34KKY500681901000934503,Australia Post,Canada Post,SAI TEN HANG tren Etsy
2026-07-15,hodgiftsco,4108406865,34KKY500682001000934509,Australia Post,Canada Post,SAI TEN HANG tren Etsy
2026-07-15,hodgiftsco,4107006910,34KKY500682101000934506,Australia Post,Canada Post,SAI TEN HANG tren Etsy
2026-07-15,hodgiftsco,4107920430,FP678682189GB,Royal Mail,Parcelforce Worldwide,SAI TEN HANG tren Etsy
2026-07-15,hodgiftsco,4109449571,34KKY500682201000934503,Australia Post,Canada Post,SAI TEN HANG tren Etsy
2026-07-15,hodgiftsco,4110326127,34KKY500682301000934500,Australia Post,Canada Post,SAI TEN HANG tren Etsy
2026-07-15,hodgiftsco,4110378107,34KKY500682401000934507,Australia Post,Canada Post,SAI TEN HANG tren Etsy
2026-07-15,hodgiftsco,4110484849,34KKY500682501000934504,Australia Post,Canada Post,SAI TEN HANG tren Etsy
2026-07-16,hodgiftsco,4111965494,LK090693869FR,La Poste,UK Mail,SAI TEN HANG tren Etsy
2026-07-16,hodgiftsco,4114395681,LK090705394FR,La Poste,UK Mail,SAI TEN HANG tren Etsy
2026-07-18,hodgiftsco,4106857506,34KKY500698801000934506,Australia Post,Canada Post,SAI TEN HANG tren Etsy
2026-07-18,hodgiftsco,4108860498,LT145438770SG,Royal Mail,Parcelforce Worldwide,SAI TEN HANG tren Etsy
2026-07-18,hodgiftsco,4110922079,LT441670726GB,Royal Mail,Parcelforce Worldwide,SAI TEN HANG tren Etsy
2026-07-18,hodgiftsco,4111203895,34KKY500698901000934503,Australia Post,Canada Post,SAI TEN HANG tren Etsy
2026-07-18,hodgiftsco,4109833118,34KKY500699001000934509,Australia Post,Canada Post,SAI TEN HANG tren Etsy
2026-07-18,hodgiftsco,4110763610,34KKY500699101000934506,Australia Post,Canada Post,SAI TEN HANG tren Etsy
2026-07-18,hodgiftsco,4110878176,34KKY500699201000934503,Australia Post,Canada Post,SAI TEN HANG tren Etsy
2026-07-18,hodgiftsco,4111650352,34KKY500699301000934500,Australia Post,Canada Post,SAI TEN HANG tren Etsy
2026-07-18,hodgiftsco,4111231431,34KKY500699401000934507,Australia Post,Canada Post,SAI TEN HANG tren Etsy
2026-07-18,hodgiftsco,4113202645,34KKY500699801000934505,Australia Post,Canada Post,SAI TEN HANG tren Etsy
2026-07-18,hodgiftsco,4112189017,34KKY500699601000934501,Australia Post,Canada Post,SAI TEN HANG tren Etsy
2026-07-18,hodgiftsco,4112872621,34KKY500699701000934508,Australia Post,Canada Post,SAI TEN HANG tren Etsy
2026-06-25,LynneDecor,4083784828,LT403667749GB,Royal Mail,Parcelforce Worldwide,SAI TEN HANG tren Etsy
2026-06-25,LynneDecor,4086799014,LT403669585GB,Royal Mail,Parcelforce Worldwide,SAI TEN HANG tren Etsy
2026-06-25,LynneDecor,4086804424,LT403669563GB,Royal Mail,Parcelforce Worldwide,SAI TEN HANG tren Etsy
2026-06-25,LynneDecor,4090970691,FP678668638GB,Royal Mail,Parcelforce Worldwide,SAI TEN HANG tren Etsy
2026-06-25,LynneDecor,4087763548,LT403667854GB,Royal Mail,Parcelforce Worldwide,SAI TEN HANG tren Etsy
2026-06-25,LynneDecor,4088757926,LT403669603GB,Royal Mail,Parcelforce Worldwide,SAI TEN HANG tren Etsy
2026-06-25,LynneDecor,4091873831,34KKY500588901000934507,Australia Post,Canada Post,SAI TEN HANG tren Etsy
2026-06-25,LynneDecor,4088997032,LT403669546GB,Royal Mail,Parcelforce Worldwide,SAI TEN HANG tren Etsy
2026-06-25,LynneDecor,4091796567,FP678668655GB,Royal Mail,Parcelforce Worldwide,SAI TEN HANG tren Etsy
2026-06-25,LynneDecor,4096318342,LK090431165FR,La Poste,UK Mail,SAI TEN HANG tren Etsy
2026-06-30,LynneDecor,4090869572,FP678669063GB,Royal Mail,Parcelforce Worldwide,SAI TEN HANG tren Etsy
2026-06-30,LynneDecor,4091806794,FP678669681GB,Royal Mail,Parcelforce Worldwide,SAI TEN HANG tren Etsy
2026-06-30,LynneDecor,4092308612,34KKY500595101000934501,Australia Post,Canada Post,SAI TEN HANG tren Etsy
2026-06-30,LynneDecor,4092489926,LK090445694FR,La Poste,UK Mail,SAI TEN HANG tren Etsy
2026-06-30,LynneDecor,4094472556,LT403674413GB,Royal Mail,Parcelforce Worldwide,SAI TEN HANG tren Etsy
2026-06-30,LynneDecor,4097046783,LT403673829GB,Royal Mail,Parcelforce Worldwide,SAI TEN HANG tren Etsy
2026-06-30,LynneDecor,4096312600,LT411785708GB,Royal Mail,Parcelforce Worldwide,SAI TEN HANG tren Etsy
2026-06-30,LynneDecor,4100275107,LK090445703FR,La Poste,UK Mail,SAI TEN HANG tren Etsy
2026-07-02,LynneDecor,4097176960,LT411792258GB,Royal Mail,Parcelforce Worldwide,SAI TEN HANG tren Etsy
2026-07-02,LynneDecor,4097552402,FP678672779GB,Royal Mail,Parcelforce Worldwide,SAI TEN HANG tren Etsy
2026-07-02,LynneDecor,4102875886,LK090528147FR,La Poste,UK Mail,SAI TEN HANG tren Etsy
2026-07-02,LynneDecor,4103340220,LK090528120FR,La Poste,UK Mail,SAI TEN HANG tren Etsy
2026-07-04,LynneDecor,4105476433,LK090543952FR,La Poste,UK Mail,SAI TEN HANG tren Etsy
2026-07-04,LynneDecor,4103779376,LK090543966FR,La Poste,UK Mail,SAI TEN HANG tren Etsy
2026-07-07,LynneDecor,4107472839,LK090565578FR,La Poste,UK Mail,SAI TEN HANG tren Etsy
2026-07-11,LynneDecor,4103318932,FP678677144GB,Royal Mail,Parcelforce Worldwide,SAI TEN HANG tren Etsy
2026-07-11,LynneDecor,4105507931,LT437582565GB,Royal Mail,Parcelforce Worldwide,SAI TEN HANG tren Etsy
2026-07-11,LynneDecor,4104923548,LT437582509GB,Royal Mail,Parcelforce Worldwide,SAI TEN HANG tren Etsy
2026-07-11,LynneDecor,4108997552,LK090619418FR,La Poste,UK Mail,SAI TEN HANG tren Etsy
2026-07-11,LynneDecor,4112090681,LK090633525FR,La Poste,UK Mail,SAI TEN HANG tren Etsy
2026-07-14,LynneDecor,4106138134,LT439551760GB,Royal Mail,Parcelforce Worldwide,SAI TEN HANG tren Etsy
2026-07-14,LynneDecor,4107976456,LT439551795GB,Royal Mail,Parcelforce Worldwide,SAI TEN HANG tren Etsy
2026-07-16,LynneDecor,4115256919,LK090693890FR,La Poste,UK Mail,SAI TEN HANG tren Etsy
2026-07-16,LynneDecor,4116416795,LK090705403FR,La Poste,UK Mail,SAI TEN HANG tren Etsy
2026-07-18,LynneDecor,4114643565,34KKY500699901000934502,Australia Post,Canada Post,SAI TEN HANG tren Etsy
2026-07-18,LynneDecor,4116677291,LK090727681FR,La Poste,UK Mail,SAI TEN HANG tren Etsy
2026-07-18,LynneDecor,4117767147,LK090727050FR,La Poste,UK Mail,SAI TEN HANG tren Etsy
2026-07-18,LynneDecor,4112033183,34KKY500699501000934504,Australia Post,Canada Post,SAI TEN HANG tren Etsy
2026-07-18,LynneDecor,4111871136,LT441670690GB,Royal Mail,Parcelforce Worldwide,SAI TEN HANG tren Etsy
2026-06-24,VintageVibesStoreVN,4089798522,LK090400429FR,La Poste,UK Mail,SAI TEN HANG tren Etsy
2026-06-24,VintageVibesStoreVN,4090355780,LK090366665FR,La Poste,UK Mail,SAI TEN HANG tren Etsy
2026-06-24,VintageVibesStoreVN,4094134159,LK090367935FR,La Poste,UK Mail,SAI TEN HANG tren Etsy
2026-06-24,VintageVibesStoreVN,4094991471,LK090366651FR,La Poste,UK Mail,SAI TEN HANG tren Etsy
2026-06-24,VintageVibesStoreVN,4092749212,LK090368431FR,La Poste,UK Mail,SAI TEN HANG tren Etsy
2026-06-24,VintageVibesStoreVN,4097149619,LK090409887FR,La Poste,UK Mail,SAI TEN HANG tren Etsy
2026-06-25,VintageVibesStoreVN,4088813610,LT403669515GB,Royal Mail,Parcelforce Worldwide,SAI TEN HANG tren Etsy
2026-06-25,VintageVibesStoreVN,4080343169,LK090412965FR,La Poste,UK Mail,SAI TEN HANG tren Etsy
2026-06-30,VintageVibesStoreVN,4075532154,LK090469007FR,La Poste,UK Mail,SAI TEN HANG tren Etsy
2026-06-30,VintageVibesStoreVN,4093752515,FP678669077GB,Royal Mail,Parcelforce Worldwide,SAI TEN HANG tren Etsy
2026-06-30,VintageVibesStoreVN,4094511600,FP678669837GB,Royal Mail,Parcelforce Worldwide,SAI TEN HANG tren Etsy
2026-06-30,VintageVibesStoreVN,4096584060,FP678670530GB,Royal Mail,Parcelforce Worldwide,SAI TEN HANG tren Etsy
2026-06-30,VintageVibesStoreVN,4099978765,LK090449824FR,La Poste,UK Mail,SAI TEN HANG tren Etsy
2026-06-30,VintageVibesStoreVN,4100465925,LK090460590FR,La Poste,UK Mail,SAI TEN HANG tren Etsy
2026-06-30,VintageVibesStoreVN,4098859936,LK090469320FR,La Poste,UK Mail,SAI TEN HANG tren Etsy
2026-06-30,VintageVibesStoreVN,4084959828,LT403670717GB,Royal Mail,Parcelforce Worldwide,SAI TEN HANG tren Etsy
2026-07-02,VintageVibesStoreVN,4099765826,LK090523900FR,La Poste,UK Mail,SAI TEN HANG tren Etsy
2026-07-02,VintageVibesStoreVN,4102719221,LK090523860FR,La Poste,UK Mail,SAI TEN HANG tren Etsy
2026-07-02,VintageVibesStoreVN,4102731783,LK090523989FR,La Poste,UK Mail,SAI TEN HANG tren Etsy
2026-07-02,VintageVibesStoreVN,4103398947,LK090528133FR,La Poste,UK Mail,SAI TEN HANG tren Etsy
2026-07-04,VintageVibesStoreVN,4102427346,LK090558360FR,La Poste,UK Mail,SAI TEN HANG tren Etsy
2026-07-04,VintageVibesStoreVN,4103005256,LK090558016FR,La Poste,UK Mail,SAI TEN HANG tren Etsy
2026-07-04,VintageVibesStoreVN,4103111698,LK090543949FR,La Poste,UK Mail,SAI TEN HANG tren Etsy
2026-07-07,VintageVibesStoreVN,4100984421,LK090565238FR,La Poste,UK Mail,SAI TEN HANG tren Etsy
2026-07-07,VintageVibesStoreVN,4103434094,LK090565706FR,La Poste,UK Mail,SAI TEN HANG tren Etsy
2026-07-07,VintageVibesStoreVN,4104303682,LK090601828FR,La Poste,UK Mail,SAI TEN HANG tren Etsy
2026-07-07,VintageVibesStoreVN,4106904473,LK090565564FR,La Poste,UK Mail,SAI TEN HANG tren Etsy
2026-07-11,VintageVibesStoreVN,4100967956,LT437582526GB,Royal Mail,Parcelforce Worldwide,SAI TEN HANG tren Etsy
2026-07-11,VintageVibesStoreVN,4109005394,LK090619404FR,La Poste,UK Mail,SAI TEN HANG tren Etsy
2026-07-11,VintageVibesStoreVN,4109376216,LK090619421FR,La Poste,UK Mail,SAI TEN HANG tren Etsy
2026-07-11,VintageVibesStoreVN,4111000105,LK090633511FR,La Poste,UK Mail,SAI TEN HANG tren Etsy
2026-07-14,VintageVibesStoreVN,4106977547,LK090655517FR,La Poste,UK Mail,SAI TEN HANG tren Etsy
2026-07-14,VintageVibesStoreVN,4111303338,LK090655446FR,La Poste,UK Mail,SAI TEN HANG tren Etsy
2026-07-14,VintageVibesStoreVN,4112661581,LK090655450FR,La Poste,UK Mail,SAI TEN HANG tren Etsy
2026-07-14,VintageVibesStoreVN,4113231443,LK090655503FR,La Poste,UK Mail,SAI TEN HANG tren Etsy
2026-07-16,VintageVibesStoreVN,4113195116,LK090693886FR,La Poste,UK Mail,SAI TEN HANG tren Etsy
2026-07-16,VintageVibesStoreVN,4114678374,LK090693872FR,La Poste,UK Mail,SAI TEN HANG tren Etsy
2026-07-16,VintageVibesStoreVN,4115987121,LK090693909FR,La Poste,UK Mail,SAI TEN HANG tren Etsy
2026-07-16,VintageVibesStoreVN,4115229292,LK090705425FR,La Poste,UK Mail,SAI TEN HANG tren Etsy
2026-07-16,VintageVibesStoreVN,4115496526,LK090705417FR,La Poste,UK Mail,SAI TEN HANG tren Etsy